Day and Night Information,,,,,,,,,,,,,,,,,,,,,,,,,,,,
,,,,,,,,,,,,,,,,,,,,,,,,,,,,
,,Number of Dara Happan Hours of:,,,,,,,,Time of:,,,,,,,,Dome Angle (in degrees),,,,,Dome Tilt (Midnight),,Manipulate.psd Distance,,,
Day Number,Day (Theyalan),Glimmering,Day,Gloaming,Night,"""False Day""",Light,Full Dark,(Sunrise),Sunrise,(Noon),Noon,(Sunset),Sunset,Midnight,Glimmering,Gloaming,Baseline,Sunrise,Noon,Sunset,Midnight,Polaris,Sunpath,Polaris Tilt,Sunpath Tilt,Special Day,Other Notes
1,Freeze Day / Disorder Week / Sea Season,1.50,12.50,1.00,12.50,2.50,15.00,10.00,0.250,0.250,0.500,0.500,0.750,0.750,1.000,0.06,0.040,0.0000,90.3061,-179.3878,-89.0816,1.2245,-8.497,0.236,-144.632,4.022,"Vernal Equinox - Theyalans (night before), Dara Happans (day of)",Moment of equinox is 0.0 (day 294.0 = midnight before day 1). Day length before and after are equal; night length is exactly 12.5 hours. Arnstadum at center of Sky.
2,Water Day / Disorder Week / Sea Season,1.52,12.56,1.01,12.44,2.53,15.09,9.91,0.249,1.249,0.500,1.500,0.751,1.751,2.000,0.061,0.040,1.2245,91.1293,-178.1633,-87.4558,2.4490,-8.369,0.473,-142.457,8.043,,
3,Clay Day / Disorder Week / Sea Season,1.53,12.59,1.02,12.41,2.55,15.15,9.85,0.248,2.248,0.500,2.500,0.752,2.752,3.000,0.061,0.041,2.4490,92.0862,-176.9388,-85.9637,3.6735,-8.241,0.709,-140.282,12.065,,
4,Winds Day / Disorder Week / Sea Season,1.55,12.63,1.03,12.37,2.57,15.20,9.80,0.247,3.247,0.500,3.500,0.753,3.753,4.000,0.062,0.041,3.6735,93.0431,-175.7143,-84.4717,4.8980,-8.113,0.945,-138.107,16.086,,
5,Fire Day / Disorder Week / Sea Season,1.56,12.67,1.03,12.33,2.59,15.26,9.74,0.247,4.247,0.500,4.500,0.753,4.753,5.000,0.062,0.041,4.8980,94.0000,-174.4898,-82.9796,6.1224,-7.986,1.181,-135.932,20.108,,
6,Wild Day / Disorder Week / Sea Season,1.57,12.70,1.04,12.30,2.61,15.32,9.68,0.246,5.246,0.500,5.500,0.754,5.754,6.000,0.063,0.042,6.1224,94.9569,-173.2653,-81.4875,7.3469,-7.858,1.418,-133.757,24.129,,
7,Gods Day / Disorder Week / Sea Season,1.58,12.74,1.05,12.26,2.63,15.37,9.63,0.245,6.245,0.500,6.500,0.755,6.755,7.000,0.063,0.042,7.3469,95.9138,-172.0408,-79.9955,8.5714,-7.730,1.654,-131.582,28.151,,
8,Freeze Day / Harmony Week / Sea Season,1.60,12.78,1.06,12.22,2.65,15.43,9.57,0.244,7.244,0.500,7.500,0.756,7.756,8.000,0.064,0.042,8.5714,96.8707,-170.8163,-78.5034,9.7959,-7.602,1.890,-129.407,32.172,,
9,Water Day / Harmony Week / Sea Season,1.61,12.81,1.06,12.19,2.67,15.49,9.51,0.244,8.244,0.500,8.500,0.756,8.756,9.000,0.064,0.043,9.7959,97.8277,-169.5918,-77.0113,11.0204,-7.474,2.126,-127.232,36.194,,
10,Clay Day / Harmony Week / Sea Season,1.62,12.85,1.07,12.15,2.69,15.54,9.46,0.243,9.243,0.500,9.500,0.757,9.757,10.000,0.065,0.043,11.0204,98.7846,-168.3673,-75.5193,12.2449,-7.347,2.363,-125.057,40.215,,
11,Winds Day / Harmony Week / Sea Season,1.64,12.89,1.08,12.11,2.71,15.60,9.40,0.242,10.242,0.500,10.500,0.758,10.758,11.000,0.065,0.043,12.2449,99.7415,-167.1429,-74.0272,13.4694,-7.219,2.599,-122.882,44.237,,
12,Fire Day / Harmony Week / Sea Season,1.65,12.93,1.09,12.07,2.73,15.66,9.34,0.241,11.241,0.500,11.500,0.759,11.759,12.000,0.066,0.043,13.4694,100.6984,-165.9184,-72.5351,14.6939,-7.091,2.835,-120.707,48.258,,
13,Wild Day / Harmony Week / Sea Season,1.66,12.96,1.09,12.04,2.75,15.72,9.28,0.241,12.241,0.500,12.500,0.759,12.759,13.000,0.066,0.044,14.6939,101.6553,-164.6939,-71.0431,15.9184,-6.963,3.071,-118.533,52.280,,
14,Gods Day / Harmony Week / Sea Season,1.67,13.00,1.10,12.00,2.77,15.77,9.23,0.240,13.240,0.500,13.500,0.760,13.760,14.000,0.067,0.044,15.9184,102.6122,-163.4694,-69.5510,17.1429,-6.836,3.308,-116.358,56.301,,
15,Freeze Day / Death Week / Sea Season,1.69,13.04,1.11,11.96,2.79,15.83,9.17,0.239,14.239,0.500,14.500,0.761,14.761,15.000,0.067,0.044,17.1429,103.5692,-162.2449,-68.0590,18.3673,-6.708,3.544,-114.183,60.323,,
16,Water Day / Death Week / Sea Season,1.70,13.07,1.11,11.93,2.81,15.89,9.11,0.239,15.239,0.500,15.500,0.761,15.761,16.000,0.068,0.045,18.3673,104.5261,-161.0204,-66.5669,19.5918,-6.580,3.780,-112.008,64.344,,
17,Clay Day / Death Week / Sea Season,1.71,13.11,1.12,11.89,2.83,15.94,9.06,0.238,16.238,0.500,16.500,0.762,16.762,17.000,0.068,0.045,19.5918,105.4830,-159.7959,-65.0748,20.8163,-6.452,4.016,-109.833,68.366,,
18,Winds Day / Death Week / Sea Season,1.72,13.15,1.13,11.85,2.85,16.00,9.00,0.237,17.237,0.500,17.500,0.763,17.763,18.000,0.069,0.045,20.8163,106.4399,-158.5714,-63.5828,22.0408,-6.325,4.253,-107.658,72.388,,
19,Fire Day / Death Week / Sea Season,1.74,13.19,1.14,11.81,2.87,16.06,8.94,0.236,18.236,0.500,18.500,0.764,18.764,19.000,0.069,0.045,22.0408,107.3968,-157.3469,-62.0907,23.2653,-6.197,4.489,-105.483,76.409,,
20,Wild Day / Death Week / Sea Season,1.75,13.22,1.14,11.78,2.89,16.12,8.88,0.236,19.236,0.500,19.500,0.764,19.764,20.000,0.070,0.046,23.2653,108.3537,-156.1224,-60.5986,24.4898,-6.069,4.725,-103.308,80.431,,
21,Gods Day / Death Week / Sea Season,1.76,13.26,1.15,11.74,2.91,16.17,8.83,0.235,20.235,0.500,20.500,0.765,20.765,21.000,0.070,0.046,24.4898,109.3107,-154.8980,-59.1066,25.7143,-5.941,4.961,-101.133,84.452,,
22,Freeze Day / Fertility Week / Sea Season,1.77,13.30,1.16,11.70,2.93,16.23,8.77,0.234,21.234,0.500,21.500,0.766,21.766,22.000,0.071,0.046,25.7143,110.2676,-153.6735,-57.6145,26.9388,-5.813,5.198,-98.958,88.474,,
23,Water Day / Fertility Week / Sea Season,1.79,13.33,1.17,11.67,2.95,16.29,8.71,0.233,22.233,0.500,22.500,0.767,22.767,23.000,0.071,0.047,26.9388,111.2245,-152.4490,-56.1224,28.1633,-5.686,5.434,-96.783,92.495,,
24,Clay Day / Fertility Week / Sea Season,1.80,13.37,1.17,11.63,2.97,16.34,8.66,0.233,23.233,0.500,23.500,0.767,23.767,24.000,0.072,0.047,28.1633,112.1814,-151.2245,-54.6304,29.3878,-5.558,5.670,-94.609,96.517,,
25,Winds Day / Fertility Week / Sea Season,1.81,13.41,1.18,11.59,2.99,16.40,8.60,0.232,24.232,0.500,24.500,0.768,24.768,25.000,0.072,0.047,29.3878,113.1383,-150.0000,-53.1383,30.6122,-5.430,5.906,-92.434,100.538,,
26,Fire Day / Fertility Week / Sea Season,1.82,13.44,1.19,11.56,3.01,16.46,8.54,0.231,25.231,0.500,25.500,0.769,25.769,26.000,0.073,0.048,30.6122,114.0952,-148.7755,-51.6463,31.8367,-5.302,6.143,-90.259,104.560,,
27,Wild Day / Fertility Week / Sea Season,1.84,13.48,1.20,11.52,3.03,16.51,8.49,0.230,26.230,0.500,26.500,0.770,26.770,27.000,0.073,0.048,31.8367,115.0522,-147.5510,-50.1542,33.0612,-5.175,6.379,-88.084,108.581,,
28,Gods Day / Fertility Week / Sea Season,1.85,13.52,1.20,11.48,3.05,16.57,8.43,0.230,27.230,0.500,27.500,0.770,27.770,28.000,0.074,0.048,33.0612,116.0091,-146.3265,-48.6621,34.2857,-5.047,6.615,-85.909,112.603,,
29,Freeze Day / Stasis Week / Sea Season,1.86,13.56,1.21,11.44,3.07,16.63,8.37,0.229,28.229,0.500,28.500,0.771,28.771,29.000,0.074,0.048,34.2857,116.9660,-145.1020,-47.1701,35.5102,-4.919,6.851,-83.734,116.624,,
30,Water Day / Stasis Week / Sea Season,1.87,13.59,1.22,11.41,3.09,16.69,8.31,0.228,29.228,0.500,29.500,0.772,29.772,30.000,0.075,0.049,35.5102,117.9229,-143.8776,-45.6780,36.7347,-4.791,7.088,-81.559,120.646,,
31,Clay Day / Stasis Week / Sea Season,1.89,13.63,1.23,11.37,3.11,16.74,8.26,0.227,30.227,0.500,30.500,0.773,30.773,31.000,0.075,0.049,36.7347,118.8798,-142.6531,-44.1859,37.9592,-4.664,7.324,-79.384,124.667,,
32,Winds Day / Stasis Week / Sea Season,1.90,13.67,1.23,11.33,3.13,16.80,8.20,0.227,31.227,0.500,31.500,0.773,31.773,32.000,0.076,0.049,37.9592,119.8367,-141.4286,-42.6939,39.1837,-4.536,7.560,-77.209,128.689,,
33,Fire Day / Stasis Week / Sea Season,1.91,13.70,1.24,11.30,3.15,16.86,8.14,0.226,32.226,0.500,32.500,0.774,32.774,33.000,0.076,0.050,39.1837,120.7937,-140.2041,-41.2018,40.4082,-4.408,7.796,-75.034,132.710,,
34,Wild Day / Stasis Week / Sea Season,1.92,13.74,1.25,11.26,3.17,16.91,8.09,0.225,33.225,0.500,33.500,0.775,33.775,34.000,0.077,0.050,40.4082,121.7506,-138.9796,-39.7098,41.6327,-4.280,8.033,-72.859,136.732,,
35,Gods Day / Stasis Week / Sea Season,1.91,13.78,1.26,11.22,3.16,16.94,8.06,0.224,34.224,0.500,34.500,0.776,34.776,35.000,0.076,0.050,41.6327,122.7075,-137.7551,-38.2177,42.8571,-4.152,8.269,-70.685,140.754,,
36,Freeze Day / Movement Week / Sea Season,1.90,13.81,1.26,11.19,3.16,16.97,8.03,0.224,35.224,0.500,35.500,0.776,35.776,36.000,0.076,0.051,42.8571,123.6644,-136.5306,-36.7256,44.0816,-4.025,8.505,-68.510,144.775,,
37,Water Day / Movement Week / Sea Season,1.88,13.85,1.27,11.15,3.15,17.01,7.99,0.223,36.223,0.500,36.500,0.777,36.777,37.000,0.075,0.051,44.0816,124.6213,-135.3061,-35.2336,45.3061,-3.897,8.741,-66.335,148.797,,
38,Clay Day / Movement Week / Sea Season,1.87,13.89,1.28,11.11,3.15,17.04,7.96,0.222,37.222,0.500,37.500,0.778,37.778,38.000,0.075,0.051,45.3061,125.5782,-134.0816,-33.7415,46.5306,-3.769,8.978,-64.160,152.818,,
39,Winds Day / Movement Week / Sea Season,1.86,13.93,1.29,11.07,3.14,17.07,7.93,0.221,38.221,0.500,38.500,0.779,38.779,39.000,0.074,0.051,46.5306,126.5351,-132.8571,-32.2494,47.7551,-3.641,9.214,-61.985,156.840,,
40,Fire Day / Movement Week / Sea Season,1.85,13.96,1.29,11.04,3.14,17.10,7.90,0.221,39.221,0.500,39.500,0.779,39.779,40.000,0.074,0.052,47.7551,127.4921,-131.6327,-30.7574,48.9796,-3.514,9.450,-59.810,160.861,,
41,Wild Day / Movement Week / Sea Season,1.83,14.00,1.30,11.00,3.13,17.13,7.87,0.220,40.220,0.500,40.500,0.780,40.780,41.000,0.073,0.052,48.9796,128.4490,-130.4082,-29.2653,50.2041,-3.386,9.686,-57.635,164.883,,
42,Gods Day / Movement Week / Sea Season,1.82,14.04,1.31,10.96,3.13,17.17,7.83,0.219,41.219,0.500,41.500,0.781,41.781,42.000,0.073,0.052,50.2041,129.4059,-129.1837,-27.7732,51.4286,-3.258,9.923,-55.460,168.904,,
43,Freeze Day / Illusion Week / Sea Season,1.81,14.07,1.31,10.93,3.12,17.20,7.80,0.219,42.219,0.500,42.500,0.781,42.781,43.000,0.072,0.053,51.4286,130.3628,-127.9592,-26.2812,52.6531,-3.130,10.159,-53.285,172.926,,
44,Water Day / Illusion Week / Sea Season,1.80,14.11,1.32,10.89,3.12,17.23,7.77,0.218,43.218,0.500,43.500,0.782,43.782,44.000,0.072,0.053,52.6531,131.3197,-126.7347,-24.7891,53.8776,-3.003,10.395,-51.110,176.947,,
45,Clay Day / Illusion Week / Sea Season,1.78,14.15,1.33,10.85,3.11,17.26,7.74,0.217,44.217,0.500,44.500,0.783,44.783,45.000,0.071,0.053,53.8776,132.2766,-125.5102,-23.2971,55.1020,-2.875,10.631,-48.935,180.969,,
46,Winds Day / Illusion Week / Sea Season,1.77,14.19,1.34,10.81,3.11,17.29,7.71,0.216,45.216,0.500,45.500,0.784,45.784,46.000,0.071,0.053,55.1020,133.2336,-124.2857,-21.8050,56.3265,-2.747,10.868,-46.761,184.990,,
47,Fire Day / Illusion Week / Sea Season,1.76,14.22,1.34,10.78,3.10,17.32,7.68,0.216,46.216,0.500,46.500,0.784,46.784,47.000,0.070,0.054,56.3265,134.1905,-123.0612,-20.3129,57.5510,-2.619,11.104,-44.586,189.012,,
48,Wild Day / Illusion Week / Sea Season,1.75,14.26,1.35,10.74,3.10,17.36,7.64,0.215,47.215,0.500,47.500,0.785,47.785,48.000,0.070,0.054,57.5510,135.1474,-121.8367,-18.8209,58.7755,-2.491,11.340,-42.411,193.033,,
49,Gods Day / Illusion Week / Sea Season,1.73,14.30,1.36,10.70,3.09,17.39,7.61,0.214,48.214,0.500,48.500,0.786,48.786,49.000,0.069,0.054,58.7755,136.1043,-120.6122,-17.3288,60.0000,-2.364,11.576,-40.236,197.055,,
50,Freeze Day / Truth Week / Sea Season,1.72,14.33,1.37,10.67,3.09,17.42,7.58,0.213,49.213,0.500,49.500,0.787,49.787,50.000,0.069,0.055,60.0000,137.0612,-119.3878,-15.8367,61.2245,-2.236,11.813,-38.061,201.076,,
51,Water Day / Truth Week / Sea Season,1.71,14.37,1.37,10.63,3.08,17.45,7.55,0.213,50.213,0.500,50.500,0.787,50.787,51.000,0.068,0.055,61.2245,138.0181,-118.1633,-14.3447,62.4490,-2.108,12.049,-35.886,205.098,,
52,Clay Day / Truth Week / Sea Season,1.69,14.41,1.38,10.59,3.08,17.48,7.52,0.212,51.212,0.500,51.500,0.788,51.788,52.000,0.068,0.055,62.4490,138.9751,-116.9388,-12.8526,63.6735,-1.980,12.285,-33.711,209.120,,
53,Winds Day / Truth Week / Sea Season,1.68,14.44,1.39,10.56,3.07,17.52,7.48,0.211,52.211,0.500,52.500,0.789,52.789,53.000,0.067,0.056,63.6735,139.9320,-115.7143,-11.3605,64.8980,-1.853,12.521,-31.536,213.141,,
54,Fire Day / Truth Week / Sea Season,1.67,14.48,1.40,10.52,3.07,17.55,7.45,0.210,53.210,0.500,53.500,0.790,53.790,54.000,0.067,0.056,64.8980,140.8889,-114.4898,-9.8685,66.1224,-1.725,12.758,-29.361,217.163,,
55,Wild Day / Truth Week / Sea Season,1.66,14.52,1.40,10.48,3.06,17.58,7.42,0.210,54.210,0.500,54.500,0.790,54.790,55.000,0.066,0.056,66.1224,141.8458,-113.2653,-8.3764,67.3469,-1.597,12.994,-27.186,221.184,,
56,Gods Day / Truth Week / Sea Season,1.64,14.56,1.41,10.44,3.06,17.61,7.39,0.209,55.209,0.500,55.500,0.791,55.791,56.000,0.066,0.056,67.3469,142.8027,-112.0408,-6.8844,68.5714,-1.469,13.230,-25.011,225.206,,
57,Freeze Day / Disorder Week / Fire Season,1.63,14.59,1.42,10.41,3.05,17.64,7.36,0.208,56.208,0.500,56.500,0.792,56.792,57.000,0.065,0.057,68.5714,143.7596,-110.8163,-5.3923,69.7959,-1.342,13.466,-22.837,229.227,,
58,Water Day / Disorder Week / Fire Season,1.62,14.63,1.43,10.37,3.05,17.68,7.32,0.207,57.207,0.500,57.500,0.793,57.793,58.000,0.065,0.057,69.7959,144.7166,-109.5918,-3.9002,71.0204,-1.214,13.703,-20.662,233.249,,
59,Clay Day / Disorder Week / Fire Season,1.61,14.67,1.43,10.33,3.04,17.71,7.29,0.207,58.207,0.500,58.500,0.793,58.793,59.000,0.064,0.057,71.0204,145.6735,-108.3673,-2.4082,72.2449,-1.086,13.939,-18.487,237.270,,
60,Winds Day / Disorder Week / Fire Season,1.59,14.70,1.44,10.30,3.04,17.74,7.26,0.206,59.206,0.500,59.500,0.794,59.794,60.000,0.064,0.058,72.2449,146.6304,-107.1429,-0.9161,73.4694,-0.958,14.175,-16.312,241.292,,
61,Fire Day / Disorder Week / Fire Season,1.58,14.74,1.45,10.26,3.03,17.77,7.23,0.205,60.205,0.500,60.500,0.795,60.795,61.000,0.063,0.058,73.4694,147.5873,-105.9184,0.5760,74.6939,-0.830,14.411,-14.137,245.313,,
62,Wild Day / Disorder Week / Fire Season,1.57,14.78,1.46,10.22,3.02,17.80,7.20,0.204,61.204,0.500,61.500,0.796,61.796,62.000,0.063,0.058,74.6939,148.5442,-104.6939,2.0680,75.9184,-0.703,14.648,-11.962,249.335,,
63,Gods Day / Disorder Week / Fire Season,1.56,14.81,1.46,10.19,3.02,17.83,7.17,0.204,62.204,0.500,62.500,0.796,62.796,63.000,0.062,0.059,75.9184,149.5011,-103.4694,3.5601,77.1429,-0.575,14.884,-9.787,253.356,,
64,Freeze Day / Harmony Week / Fire Season,1.54,14.85,1.47,10.15,3.01,17.87,7.13,0.203,63.203,0.500,63.500,0.797,63.797,64.000,0.062,0.059,77.1429,150.4580,-102.2449,5.0522,78.3673,-0.447,15.120,-7.612,257.378,,
65,Water Day / Harmony Week / Fire Season,1.53,14.89,1.48,10.11,3.01,17.90,7.10,0.202,64.202,0.500,64.500,0.798,64.798,65.000,0.061,0.059,78.3673,151.4150,-101.0204,6.5442,79.5918,-0.319,15.356,-5.437,261.399,,
66,Clay Day / Harmony Week / Fire Season,1.52,14.93,1.49,10.07,3.00,17.93,7.07,0.201,65.201,0.500,65.500,0.799,65.799,66.000,0.061,0.059,79.5918,152.3719,-99.7959,8.0363,80.8163,-0.192,15.593,-3.262,265.421,,
67,Winds Day / Harmony Week / Fire Season,1.51,14.96,1.49,10.04,3.00,17.96,7.04,0.201,66.201,0.500,66.500,0.799,66.799,67.000,0.060,0.060,80.8163,153.3288,-98.5714,9.5283,82.0408,-0.064,15.829,-1.087,269.442,,
67.5,,,,,,,,,,,,,,,,,,,,,,,0.000,15.947,0.000,271.453,Moment of Solstice = 67.5,
68,Fire Day / Harmony Week / Fire Season,1.50,15.00,1.50,10.00,3.00,18.00,7.00,0.200,67.200,0.500,67.500,0.800,67.800,68.000,0.060,0.060,82.0408,154.2857,-97.3469,11.0204,83.2653,-0.064,15.829,-1.087,269.442,Summer Solstice - Theyalans and Dara Happans.,"Moment of solstice is 67.5 (noon). Longest day (night before and after are of equal length, and are the shortest of the year). Polaris Dome exactly at center. Maximum northern Arnstadum Dome tilt."
69,Wild Day / Harmony Week / Fire Season,1.49,14.96,1.52,10.04,3.01,17.98,7.02,0.201,68.201,0.500,68.500,0.799,68.799,69.000,0.060,0.061,83.2653,155.7778,-96.1224,11.9773,84.4898,-0.192,15.593,-3.262,265.421,,
70,Gods Day / Harmony Week / Fire Season,1.49,14.93,1.53,10.07,3.02,17.95,7.05,0.201,69.201,0.500,69.500,0.799,69.799,70.000,0.059,0.061,84.4898,157.2698,-94.8980,12.9342,85.7143,-0.319,15.356,-5.437,261.399,,
71,Freeze Day / Death Week / Fire Season,1.48,14.89,1.55,10.11,3.02,17.91,7.09,0.202,70.202,0.500,70.500,0.798,70.798,71.000,0.059,0.062,85.7143,158.7619,-93.6735,13.8912,86.9388,-0.447,15.120,-7.612,257.378,,
72,Water Day / Death Week / Fire Season,1.47,14.85,1.56,10.15,3.03,17.88,7.12,0.203,71.203,0.500,71.500,0.797,71.797,72.000,0.059,0.062,86.9388,160.2540,-92.4490,14.8481,88.1633,-0.575,14.884,-9.787,253.356,,
73,Clay Day / Death Week / Fire Season,1.46,14.81,1.57,10.19,3.04,17.85,7.15,0.204,72.204,0.500,72.500,0.796,72.796,73.000,0.059,0.063,88.1633,161.7460,-91.2245,15.8050,89.3878,-0.703,14.648,-11.962,249.335,,
74,Winds Day / Death Week / Fire Season,1.46,14.78,1.58,10.22,3.04,17.82,7.18,0.204,73.204,0.500,73.500,0.796,73.796,74.000,0.058,0.063,89.3878,163.2381,-90.0000,16.7619,90.6122,-0.830,14.411,-14.137,245.313,,
75,Fire Day / Death Week / Fire Season,1.45,14.74,1.60,10.26,3.05,17.79,7.21,0.205,74.205,0.500,74.500,0.795,74.795,75.000,0.058,0.064,90.6122,164.7302,-88.7755,17.7188,91.8367,-0.958,14.175,-16.312,241.292,,
76,Wild Day / Death Week / Fire Season,1.44,14.70,1.61,10.30,3.05,17.75,7.25,0.206,75.206,0.500,75.500,0.794,75.794,76.000,0.058,0.064,91.8367,166.2222,-87.5510,18.6757,93.0612,-1.086,13.939,-18.487,237.270,,
77,Gods Day / Death Week / Fire Season,1.43,14.67,1.62,10.33,3.06,17.72,7.28,0.207,76.207,0.500,76.500,0.793,76.793,77.000,0.057,0.065,93.0612,167.7143,-86.3265,19.6327,94.2857,-1.214,13.703,-20.662,233.249,,
78,Freeze Day / Fertility Week / Fire Season,1.43,14.63,1.64,10.37,3.06,17.69,7.31,0.207,77.207,0.500,77.500,0.793,77.793,78.000,0.057,0.065,94.2857,169.2063,-85.1020,20.5896,95.5102,-1.342,13.466,-22.837,229.227,,
79,Water Day / Fertility Week / Fire Season,1.42,14.59,1.65,10.41,3.07,17.66,7.34,0.208,78.208,0.500,78.500,0.792,78.792,79.000,0.057,0.066,95.5102,170.6984,-83.8776,21.5465,96.7347,-1.469,13.230,-25.011,225.206,,
80,Clay Day / Fertility Week / Fire Season,1.41,14.56,1.66,10.44,3.07,17.63,7.37,0.209,79.209,0.500,79.500,0.791,79.791,80.000,0.056,0.066,96.7347,172.1905,-82.6531,22.5034,97.9592,-1.597,12.994,-27.186,221.184,,
81,Winds Day / Fertility Week / Fire Season,1.40,14.52,1.67,10.48,3.08,17.60,7.40,0.210,80.210,0.500,80.500,0.790,80.790,81.000,0.056,0.067,97.9592,173.6825,-81.4286,23.4603,99.1837,-1.725,12.758,-29.361,217.163,,
82,Fire Day / Fertility Week / Fire Season,1.40,14.48,1.69,10.52,3.08,17.56,7.44,0.210,81.210,0.500,81.500,0.790,81.790,82.000,0.056,0.067,99.1837,175.1746,-80.2041,24.4172,100.4082,-1.853,12.521,-31.536,213.141,,
83,Wild Day / Fertility Week / Fire Season,1.39,14.44,1.70,10.56,3.09,17.53,7.47,0.211,82.211,0.500,82.500,0.789,82.789,83.000,0.056,0.068,100.4082,176.6667,-78.9796,25.3741,101.6327,-1.980,12.285,-33.711,209.120,,
84,Gods Day / Fertility Week / Fire Season,1.38,14.41,1.71,10.59,3.09,17.50,7.50,0.212,83.212,0.500,83.500,0.788,83.788,84.000,0.055,0.068,101.6327,178.1587,-77.7551,26.3311,102.8571,-2.108,12.049,-35.886,205.098,,
85,Freeze Day / Stasis Week / Fire Season,1.37,14.37,1.72,10.63,3.10,17.47,7.53,0.213,84.213,0.500,84.500,0.787,84.787,85.000,0.055,0.069,102.8571,179.6508,-76.5306,27.2880,104.0816,-2.236,11.813,-38.061,201.076,,
86,Water Day / Stasis Week / Fire Season,1.37,14.33,1.74,10.67,3.10,17.44,7.56,0.213,85.213,0.500,85.500,0.787,85.787,86.000,0.055,0.069,104.0816,-178.8571,-75.3061,28.2449,105.3061,-2.364,11.576,-40.236,197.055,,
87,Clay Day / Stasis Week / Fire Season,1.36,14.30,1.75,10.70,3.11,17.40,7.60,0.214,86.214,0.500,86.500,0.786,86.786,87.000,0.054,0.070,105.3061,-177.3651,-74.0816,29.2018,106.5306,-2.491,11.340,-42.411,193.033,,
88,Winds Day / Stasis Week / Fire Season,1.35,14.26,1.76,10.74,3.11,17.37,7.63,0.215,87.215,0.500,87.500,0.785,87.785,88.000,0.054,0.070,106.5306,-175.8730,-72.8571,30.1587,107.7551,-2.619,11.104,-44.586,189.012,,
89,Fire Day / Stasis Week / Fire Season,1.34,14.22,1.77,10.78,3.12,17.34,7.66,0.216,88.216,0.500,88.500,0.784,88.784,89.000,0.054,0.071,107.7551,-174.3810,-71.6327,31.1156,108.9796,-2.747,10.868,-46.761,184.990,,
90,Wild Day / Stasis Week / Fire Season,1.34,14.19,1.79,10.81,3.12,17.31,7.69,0.216,89.216,0.500,89.500,0.784,89.784,90.000,0.053,0.071,108.9796,-172.8889,-70.4082,32.0726,110.2041,-2.875,10.631,-48.935,180.969,,
91,Gods Day / Stasis Week / Fire Season,1.33,14.15,1.80,10.85,3.13,17.28,7.72,0.217,90.217,0.500,90.500,0.783,90.783,91.000,0.053,0.072,110.2041,-171.3968,-69.1837,33.0295,111.4286,-3.003,10.395,-51.110,176.947,,
92,Freeze Day / Movement Week / Fire Season,1.32,14.11,1.81,10.89,3.13,17.24,7.76,0.218,91.218,0.500,91.500,0.782,91.782,92.000,0.053,0.072,111.4286,-169.9048,-67.9592,33.9864,112.6531,-3.130,10.159,-53.285,172.926,,
93,Water Day / Movement Week / Fire Season,1.31,14.07,1.82,10.93,3.14,17.21,7.79,0.219,92.219,0.500,92.500,0.781,92.781,93.000,0.053,0.073,112.6531,-168.4127,-66.7347,34.9433,113.8776,-3.258,9.923,-55.460,168.904,,
94,Clay Day / Movement Week / Fire Season,1.31,14.04,1.84,10.96,3.14,17.18,7.82,0.219,93.219,0.500,93.500,0.781,93.781,94.000,0.052,0.073,113.8776,-166.9206,-65.5102,35.9002,115.1020,-3.386,9.686,-57.635,164.883,,
95,Winds Day / Movement Week / Fire Season,1.30,14.00,1.85,11.00,3.15,17.15,7.85,0.220,94.220,0.500,94.500,0.780,94.780,95.000,0.052,0.074,115.1020,-165.4286,-64.2857,36.8571,116.3265,-3.514,9.450,-59.810,160.861,,
96,Fire Day / Movement Week / Fire Season,1.29,13.96,1.86,11.04,3.15,17.12,7.88,0.221,95.221,0.500,95.500,0.779,95.779,96.000,0.052,0.074,116.3265,-163.9365,-63.0612,37.8141,117.5510,-3.641,9.214,-61.985,156.840,,
97,Wild Day / Movement Week / Fire Season,1.29,13.93,1.87,11.07,3.16,17.09,7.91,0.221,96.221,0.500,96.500,0.779,96.779,97.000,0.051,0.075,117.5510,-162.4444,-61.8367,38.7710,118.7755,-3.769,8.978,-64.160,152.818,,
98,Gods Day / Movement Week / Fire Season,1.28,13.89,1.89,11.11,3.16,17.05,7.95,0.222,97.222,0.500,97.500,0.778,97.778,98.000,0.051,0.075,118.7755,-160.9524,-60.6122,39.7279,120.0000,-3.897,8.741,-66.335,148.797,,
99,Freeze Day / Illusion Week / Fire Season,1.27,13.85,1.90,11.15,3.17,17.02,7.98,0.223,98.223,0.500,98.500,0.777,98.777,99.000,0.051,0.076,120.0000,-159.4603,-59.3878,40.6848,121.2245,-4.025,8.505,-68.510,144.775,,
100,Water Day / Illusion Week / Fire Season,1.26,13.81,1.91,11.19,3.17,16.99,8.01,0.224,99.224,0.500,99.500,0.776,99.776,100.000,0.051,0.076,121.2245,-157.9683,-58.1633,41.6417,122.4490,-4.152,8.269,-70.685,140.754,,
101,Clay Day / Illusion Week / Fire Season,1.26,13.78,1.92,11.22,3.18,16.96,8.04,0.224,100.224,0.500,100.500,0.776,100.776,101.000,0.050,0.077,122.4490,-156.4762,-56.9388,42.5986,123.6735,-4.280,8.033,-72.859,136.732,,
102,Winds Day / Illusion Week / Fire Season,1.25,13.74,1.91,11.26,3.16,16.90,8.10,0.225,101.225,0.500,101.500,0.775,101.775,102.000,0.050,0.076,123.6735,-154.9841,-55.7143,43.5556,124.8980,-4.408,7.796,-75.034,132.710,,
103,Fire Day / Illusion Week / Fire Season,1.24,13.70,1.90,11.30,3.14,16.84,8.16,0.226,102.226,0.500,102.500,0.774,102.774,103.000,0.050,0.076,124.8980,-153.4921,-54.4898,44.5125,126.1224,-4.536,7.560,-77.209,128.689,,
104,Wild Day / Illusion Week / Fire Season,1.23,13.67,1.88,11.33,3.12,16.78,8.22,0.227,103.227,0.500,103.500,0.773,103.773,104.000,0.049,0.075,126.1224,-152.0000,-53.2653,45.4694,127.3469,-4.664,7.324,-79.384,124.667,,
105,Gods Day / Illusion Week / Fire Season,1.23,13.63,1.87,11.37,3.10,16.73,8.27,0.227,104.227,0.500,104.500,0.773,104.773,105.000,0.049,0.075,127.3469,-150.5079,-52.0408,46.4263,128.5714,-4.791,7.088,-81.559,120.646,,
106,Freeze Day / Truth Week / Fire Season,1.22,13.59,1.86,11.41,3.08,16.67,8.33,0.228,105.228,0.500,105.500,0.772,105.772,106.000,0.049,0.074,128.5714,-149.0159,-50.8163,47.3832,129.7959,-4.919,6.851,-83.734,116.624,,
107,Water Day / Truth Week / Fire Season,1.21,13.56,1.85,11.44,3.06,16.61,8.39,0.229,106.229,0.500,106.500,0.771,106.771,107.000,0.048,0.074,129.7959,-147.5238,-49.5918,48.3401,131.0204,-5.047,6.615,-85.909,112.603,,
108,Clay Day / Truth Week / Fire Season,1.20,13.52,1.83,11.48,3.04,16.56,8.44,0.230,107.230,0.500,107.500,0.770,107.770,108.000,0.048,0.073,131.0204,-146.0317,-48.3673,49.2971,132.2449,-5.175,6.379,-88.084,108.581,,
109,Winds Day / Truth Week / Fire Season,1.20,13.48,1.82,11.52,3.02,16.50,8.50,0.230,108.230,0.500,108.500,0.770,108.770,109.000,0.048,0.073,132.2449,-144.5397,-47.1429,50.2540,133.4694,-5.302,6.143,-90.259,104.560,,
110,Fire Day / Truth Week / Fire Season,1.19,13.44,1.81,11.56,3.00,16.44,8.56,0.231,109.231,0.500,109.500,0.769,109.769,110.000,0.048,0.072,133.4694,-143.0476,-45.9184,51.2109,134.6939,-5.430,5.906,-92.434,100.538,,
111,Wild Day / Truth Week / Fire Season,1.18,13.41,1.80,11.59,2.98,16.38,8.62,0.232,110.232,0.500,110.500,0.768,110.768,111.000,0.047,0.072,134.6939,-141.5556,-44.6939,52.1678,135.9184,-5.558,5.670,-94.609,96.517,,
112,Gods Day / Truth Week / Fire Season,1.17,13.37,1.78,11.63,2.96,16.33,8.67,0.233,111.233,0.500,111.500,0.767,111.767,112.000,0.047,0.071,135.9184,-140.0635,-43.4694,53.1247,137.1429,-5.686,5.434,-96.783,92.495,,
113,Freeze Day / Disorder Week / Earth Season,1.17,13.33,1.77,11.67,2.94,16.27,8.73,0.233,112.233,0.500,112.500,0.767,112.767,113.000,0.047,0.071,137.1429,-138.5714,-42.2449,54.0816,138.3673,-5.813,5.198,-98.958,88.474,,
114,Water Day / Disorder Week / Earth Season,1.16,13.30,1.76,11.70,2.92,16.21,8.79,0.234,113.234,0.500,113.500,0.766,113.766,114.000,0.046,0.070,138.3673,-137.0794,-41.0204,55.0385,139.5918,-5.941,4.961,-101.133,84.452,,
115,Clay Day / Disorder Week / Earth Season,1.15,13.26,1.75,11.74,2.90,16.16,8.84,0.235,114.235,0.500,114.500,0.765,114.765,115.000,0.046,0.070,139.5918,-135.5873,-39.7959,55.9955,140.8163,-6.069,4.725,-103.308,80.431,,
116,Winds Day / Disorder Week / Earth Season,1.14,13.22,1.73,11.78,2.88,16.10,8.90,0.236,115.236,0.500,115.500,0.764,115.764,116.000,0.046,0.069,140.8163,-134.0952,-38.5714,56.9524,142.0408,-6.197,4.489,-105.483,76.409,,
117,Fire Day / Disorder Week / Earth Season,1.14,13.19,1.72,11.81,2.86,16.04,8.96,0.236,116.236,0.500,116.500,0.764,116.764,117.000,0.045,0.069,142.0408,-132.6032,-37.3469,57.9093,143.2653,-6.325,4.253,-107.658,72.388,,
118,Wild Day / Disorder Week / Earth Season,1.13,13.15,1.71,11.85,2.84,15.99,9.01,0.237,117.237,0.500,117.500,0.763,117.763,118.000,0.045,0.068,143.2653,-131.1111,-36.1224,58.8662,144.4898,-6.452,4.016,-109.833,68.366,,
119,Gods Day / Disorder Week / Earth Season,1.12,13.11,1.69,11.89,2.82,15.93,9.07,0.238,118.238,0.500,118.500,0.762,118.762,119.000,0.045,0.068,144.4898,-129.6190,-34.8980,59.8231,145.7143,-6.580,3.780,-112.008,64.344,,
120,Freeze Day / Harmony Week / Earth Season,1.11,13.07,1.68,11.93,2.80,15.87,9.13,0.239,119.239,0.500,119.500,0.761,119.761,120.000,0.045,0.067,145.7143,-128.1270,-33.6735,60.7800,146.9388,-6.708,3.544,-114.183,60.323,,
121,Water Day / Harmony Week / Earth Season,1.11,13.04,1.67,11.96,2.78,15.81,9.19,0.239,120.239,0.500,120.500,0.761,120.761,121.000,0.044,0.067,146.9388,-126.6349,-32.4490,61.7370,148.1633,-6.836,3.308,-116.358,56.301,,
122,Clay Day / Harmony Week / Earth Season,1.10,13.00,1.66,12.00,2.76,15.76,9.24,0.240,121.240,0.500,121.500,0.760,121.760,122.000,0.044,0.066,148.1633,-125.1429,-31.2245,62.6939,149.3878,-6.963,3.071,-118.533,52.280,,
123,Winds Day / Harmony Week / Earth Season,1.09,12.96,1.64,12.04,2.74,15.70,9.30,0.241,122.241,0.500,122.500,0.759,122.759,123.000,0.044,0.066,149.3878,-123.6508,-30.0000,63.6508,150.6122,-7.091,2.835,-120.707,48.258,,
124,Fire Day / Harmony Week / Earth Season,1.09,12.93,1.63,12.07,2.72,15.64,9.36,0.241,123.241,0.500,123.500,0.759,123.759,124.000,0.043,0.065,150.6122,-122.1587,-28.7755,64.6077,151.8367,-7.219,2.599,-122.882,44.237,,
125,Wild Day / Harmony Week / Earth Season,1.08,12.89,1.62,12.11,2.70,15.59,9.41,0.242,124.242,0.500,124.500,0.758,124.758,125.000,0.043,0.065,151.8367,-120.6667,-27.5510,65.5646,153.0612,-7.347,2.363,-125.057,40.215,,
126,Gods Day / Harmony Week / Earth Season,1.07,12.85,1.61,12.15,2.68,15.53,9.47,0.243,125.243,0.500,125.500,0.757,125.757,126.000,0.043,0.064,153.0612,-119.1746,-26.3265,66.5215,154.2857,-7.474,2.126,-127.232,36.194,,
127,Freeze Day / Death Week / Earth Season,1.06,12.81,1.59,12.19,2.66,15.47,9.53,0.244,126.244,0.500,126.500,0.756,126.756,127.000,0.043,0.064,154.2857,-117.6825,-25.1020,67.4785,155.5102,-7.602,1.890,-129.407,32.172,,
128,Water Day / Death Week / Earth Season,1.06,12.78,1.58,12.22,2.64,15.42,9.58,0.244,127.244,0.500,127.500,0.756,127.756,128.000,0.042,0.063,155.5102,-116.1905,-23.8776,68.4354,156.7347,-7.730,1.654,-131.582,28.151,,
129,Clay Day / Death Week / Earth Season,1.05,12.74,1.57,12.26,2.62,15.36,9.64,0.245,128.245,0.500,128.500,0.755,128.755,129.000,0.042,0.063,156.7347,-114.6984,-22.6531,69.3923,157.9592,-7.858,1.418,-133.757,24.129,,
130,Winds Day / Death Week / Earth Season,1.04,12.70,1.56,12.30,2.60,15.30,9.70,0.246,129.246,0.500,129.500,0.754,129.754,130.000,0.042,0.062,157.9592,-113.2063,-21.4286,70.3492,159.1837,-7.986,1.181,-135.932,20.108,,
131,Fire Day / Death Week / Earth Season,1.03,12.67,1.54,12.33,2.58,15.24,9.76,0.247,130.247,0.500,130.500,0.753,130.753,131.000,0.041,0.062,159.1837,-111.7143,-20.2041,71.3061,160.4082,-8.113,0.945,-138.107,16.086,,
132,Wild Day / Death Week / Earth Season,1.03,12.63,1.53,12.37,2.56,15.19,9.81,0.247,131.247,0.500,131.500,0.753,131.753,132.000,0.041,0.061,160.4082,-110.2222,-18.9796,72.2630,161.6327,-8.241,0.709,-140.282,12.065,,
133,Gods Day / Death Week / Earth Season,1.02,12.59,1.52,12.41,2.54,15.13,9.87,0.248,132.248,0.500,132.500,0.752,132.752,133.000,0.041,0.061,161.6327,-108.7302,-17.7551,73.2200,162.8571,-8.369,0.473,-142.457,8.043,,
134,Freeze Day / Fertility Week / Earth Season,1.01,12.56,1.51,12.44,2.52,15.07,9.93,0.249,133.249,0.500,133.500,0.751,133.751,134.000,0.040,0.060,162.8571,-107.2381,-16.5306,74.1769,164.0816,-8.497,0.236,-144.632,4.022,,
135,Water Day / Fertility Week / Earth Season,1.00,12.50,1.50,12.50,2.50,15.00,10.00,0.250,134.250,0.500,134.500,0.750,134.750,135.000,0.040,0.060,164.0816,-105.6122,-15.3061,75.0000,165.3061,-8.624,0.000,-146.806,0.000,,Moment of equinox is 135.0.
136,Clay Day / Fertility Week / Earth Season,1.00,12.50,1.50,12.52,2.50,15.00,10.00,0.250,135.250,0.500,135.500,0.750,135.750,136.000,0.040,0.060,165.3061,-104.3878,-14.0816,76.0907,166.5306,-8.752,-0.236,-148.981,-4.022,"Autumnal Equinox - Theyalans (night before), Dara Happans (day of)",Moment of equinox is 135.0 (midnight before day 135). Moment of equinox is 135.0 (midnight). Day length before and after are equal; night length is exactly 12.5 hours. Arnstadum at center of Sky.
137,Winds Day / Fertility Week / Earth Season,0.98,12.44,1.49,12.56,2.47,14.92,10.08,0.251,136.251,0.500,136.500,0.749,136.749,137.000,0.039,0.060,166.5306,-102.7619,-12.8571,77.0476,167.7551,-8.880,-0.473,-151.156,-8.043,,
138,Fire Day / Fertility Week / Earth Season,0.97,12.41,1.48,12.59,2.45,14.86,10.14,0.252,137.252,0.500,137.500,0.748,137.748,138.000,0.039,0.059,167.7551,-101.2698,-11.6327,78.0045,168.9796,-9.008,-0.709,-153.331,-12.065,,
139,Wild Day / Fertility Week / Earth Season,0.96,12.37,1.48,12.63,2.43,14.80,10.20,0.253,138.253,0.500,138.500,0.747,138.747,139.000,0.038,0.059,168.9796,-99.7778,-10.4082,78.9615,170.2041,-9.135,-0.945,-155.506,-16.086,,
140,Gods Day / Fertility Week / Earth Season,0.94,12.33,1.47,12.67,2.42,14.75,10.25,0.253,139.253,0.500,139.500,0.747,139.747,140.000,0.038,0.059,170.2041,-98.2857,-9.1837,79.9184,171.4286,-9.263,-1.181,-157.681,-20.108,,
141,Freeze Day / Stasis Week / Earth Season,0.93,12.30,1.47,12.70,2.40,14.69,10.31,0.254,140.254,0.500,140.500,0.746,140.746,141.000,0.037,0.059,171.4286,-96.7937,-7.9592,80.8753,172.6531,-9.391,-1.418,-159.856,-24.129,,
142,Water Day / Stasis Week / Earth Season,0.92,12.26,1.46,12.74,2.38,14.64,10.36,0.255,141.255,0.500,141.500,0.745,141.745,142.000,0.037,0.058,172.6531,-95.3016,-6.7347,81.8322,173.8776,-9.519,-1.654,-162.031,-28.151,,
143,Clay Day / Stasis Week / Earth Season,0.91,12.22,1.45,12.78,2.36,14.58,10.42,0.256,142.256,0.500,142.500,0.744,142.744,143.000,0.036,0.058,173.8776,-93.8095,-5.5102,82.7891,175.1020,-9.647,-1.890,-164.206,-32.172,,
144,Winds Day / Stasis Week / Earth Season,0.89,12.19,1.45,12.81,2.34,14.52,10.48,0.256,143.256,0.500,143.500,0.744,143.744,144.000,0.036,0.058,175.1020,-92.3175,-4.2857,83.7460,176.3265,-9.774,-2.126,-166.381,-36.194,,
145,Fire Day / Stasis Week / Earth Season,0.88,12.15,1.44,12.85,2.32,14.47,10.53,0.257,144.257,0.500,144.500,0.743,144.743,145.000,0.035,0.058,176.3265,-90.8254,-3.0612,84.7029,177.5510,-9.902,-2.363,-168.556,-40.215,,
146,Wild Day / Stasis Week / Earth Season,0.87,12.11,1.43,12.89,2.30,14.41,10.59,0.258,145.258,0.500,145.500,0.742,145.742,146.000,0.035,0.057,177.5510,-89.3333,-1.8367,85.6599,178.7755,-10.030,-2.599,-170.730,-44.237,,
147,Gods Day / Stasis Week / Earth Season,0.86,12.07,1.43,12.93,2.28,14.36,10.64,0.259,146.259,0.500,146.500,0.741,146.741,147.000,0.034,0.057,178.7755,-87.8413,-0.6122,86.6168,180.0000,-10.158,-2.835,-172.905,-48.258,,
148,Freeze Day / Movement Week / Earth Season,0.84,12.04,1.42,12.96,2.26,14.30,10.70,0.259,147.259,0.500,147.500,0.741,147.741,148.000,0.034,0.057,180.0000,-86.3492,0.6122,87.5737,-178.7755,-10.285,-3.071,-175.080,-52.280,,
149,Water Day / Movement Week / Earth Season,0.83,12.00,1.42,13.00,2.25,14.25,10.75,0.260,148.260,0.500,148.500,0.740,148.740,149.000,0.033,0.057,181.2245,-84.8571,1.8367,88.5306,-177.5510,-10.413,-3.308,-177.255,-56.301,,
150,Clay Day / Movement Week / Earth Season,0.82,11.96,1.41,13.04,2.23,14.19,10.81,0.261,149.261,0.500,149.500,0.739,149.739,150.000,0.033,0.056,182.4490,-83.3651,3.0612,89.4875,-176.3265,-10.541,-3.544,-179.430,-60.323,,
151,Winds Day / Movement Week / Earth Season,0.81,11.93,1.40,13.07,2.21,14.13,10.87,0.261,150.261,0.500,150.500,0.739,150.739,151.000,0.032,0.056,183.6735,-81.8730,4.2857,90.4444,-175.1020,-10.669,-3.780,-181.605,-64.344,,
152,Fire Day / Movement Week / Earth Season,0.79,11.89,1.40,13.11,2.19,14.08,10.92,0.262,151.262,0.500,151.500,0.738,151.738,152.000,0.032,0.056,184.8980,-80.3810,5.5102,91.4014,-173.8776,-10.796,-4.016,-183.780,-68.366,,
153,Wild Day / Movement Week / Earth Season,0.78,11.85,1.39,13.15,2.17,14.02,10.98,0.263,152.263,0.500,152.500,0.737,152.737,153.000,0.031,0.056,186.1224,-78.8889,6.7347,92.3583,-172.6531,-10.924,-4.253,-185.955,-72.388,,
154,Gods Day / Movement Week / Earth Season,0.77,11.81,1.38,13.19,2.15,13.97,11.03,0.264,153.264,0.500,153.500,0.736,153.736,154.000,0.031,0.055,187.3469,-77.3968,7.9592,93.3152,-171.4286,-11.052,-4.489,-188.130,-76.409,,
155,Freeze Day / Illusion Week / Earth Season,0.75,11.78,1.38,13.22,2.13,13.91,11.09,0.264,154.264,0.500,154.500,0.736,154.736,155.000,0.030,0.055,188.5714,-75.9048,9.1837,94.2721,-170.2041,-11.180,-4.725,-190.305,-80.431,,
156,Water Day / Illusion Week / Earth Season,0.74,11.74,1.37,13.26,2.11,13.85,11.15,0.265,155.265,0.500,155.500,0.735,155.735,156.000,0.030,0.055,189.7959,-74.4127,10.4082,95.2290,-168.9796,-11.308,-4.961,-192.480,-84.452,,
157,Clay Day / Illusion Week / Earth Season,0.73,11.70,1.36,13.30,2.09,13.80,11.20,0.266,156.266,0.500,156.500,0.734,156.734,157.000,0.029,0.055,191.0204,-72.9206,11.6327,96.1859,-167.7551,-11.435,-5.198,-194.654,-88.474,,
158,Winds Day / Illusion Week / Earth Season,0.72,11.67,1.36,13.33,2.08,13.74,11.26,0.267,157.267,0.500,157.500,0.733,157.733,158.000,0.029,0.054,192.2449,-71.4286,12.8571,97.1429,-166.5306,-11.563,-5.434,-196.829,-92.495,,
159,Fire Day / Illusion Week / Earth Season,0.70,11.63,1.35,13.37,2.06,13.69,11.31,0.267,158.267,0.500,158.500,0.733,158.733,159.000,0.028,0.054,193.4694,-69.9365,14.0816,98.0998,-165.3061,-11.691,-5.670,-199.004,-96.517,,
160,Wild Day / Illusion Week / Earth Season,0.69,11.59,1.35,13.41,2.04,13.63,11.37,0.268,159.268,0.500,159.500,0.732,159.732,160.000,0.028,0.054,194.6939,-68.4444,15.3061,99.0567,-164.0816,-11.819,-5.906,-201.179,-100.538,,
161,Gods Day / Illusion Week / Earth Season,0.68,11.56,1.34,13.44,2.02,13.57,11.43,0.269,160.269,0.500,160.500,0.731,160.731,161.000,0.027,0.054,195.9184,-66.9524,16.5306,100.0136,-162.8571,-11.946,-6.143,-203.354,-104.560,,
162,Freeze Day / Truth Week / Earth Season,0.67,11.52,1.33,13.48,2.00,13.52,11.48,0.270,161.270,0.500,161.500,0.730,161.730,162.000,0.027,0.053,197.1429,-65.4603,17.7551,100.9705,-161.6327,-12.074,-6.379,-205.529,-108.581,,
163,Water Day / Truth Week / Earth Season,0.65,11.48,1.33,13.52,1.98,13.46,11.54,0.270,162.270,0.500,162.500,0.730,162.730,163.000,0.026,0.053,198.3673,-63.9683,18.9796,101.9274,-160.4082,-12.202,-6.615,-207.704,-112.603,,
164,Clay Day / Truth Week / Earth Season,0.64,11.44,1.32,13.56,1.96,13.41,11.59,0.271,163.271,0.500,163.500,0.729,163.729,164.000,0.026,0.053,199.5918,-62.4762,20.2041,102.8844,-159.1837,-12.330,-6.851,-209.879,-116.624,,
165,Winds Day / Truth Week / Earth Season,0.63,11.41,1.31,13.59,1.94,13.35,11.65,0.272,164.272,0.500,164.500,0.728,164.728,165.000,0.025,0.053,200.8163,-60.9841,21.4286,103.8413,-157.9592,-12.457,-7.088,-212.054,-120.646,,
166,Fire Day / Truth Week / Earth Season,0.62,11.37,1.31,13.63,1.92,13.29,11.71,0.273,165.273,0.500,165.500,0.727,165.727,166.000,0.025,0.052,202.0408,-59.4921,22.6531,104.7982,-156.7347,-12.585,-7.324,-214.229,-124.667,,
167,Wild Day / Truth Week / Earth Season,0.60,11.33,1.30,13.67,1.91,13.24,11.76,0.273,166.273,0.500,166.500,0.727,166.727,167.000,0.024,0.052,203.2653,-58.0000,23.8776,105.7551,-155.5102,-12.713,-7.560,-216.404,-128.689,,
168,Gods Day / Truth Week / Earth Season,0.59,11.30,1.30,13.70,1.89,13.18,11.82,0.274,167.274,0.500,167.500,0.726,167.726,168.000,0.024,0.052,204.4898,-56.5079,25.1020,106.7120,-154.2857,-12.841,-7.796,-218.578,-132.710,,
169,Freeze Day / Disorder Week / Dark Season,0.58,11.26,1.29,13.74,1.87,13.13,11.87,0.275,168.275,0.500,168.500,0.725,168.725,169.000,0.023,0.052,205.7143,-55.0159,26.3265,107.6689,-153.0612,-12.969,-8.033,-220.753,-136.732,,
170,Water Day / Disorder Week / Dark Season,0.57,11.22,1.28,13.78,1.85,13.07,11.93,0.276,169.276,0.500,169.500,0.724,169.724,170.000,0.023,0.051,206.9388,-53.5238,27.5510,108.6259,-151.8367,-13.096,-8.269,-222.928,-140.754,,
171,Clay Day / Disorder Week / Dark Season,0.55,11.19,1.28,13.81,1.83,13.02,11.98,0.276,170.276,0.500,170.500,0.724,170.724,171.000,0.022,0.051,208.1633,-52.0317,28.7755,109.5828,-150.6122,-13.224,-8.505,-225.103,-144.775,,
172,Winds Day / Disorder Week / Dark Season,0.54,11.15,1.27,13.85,1.81,12.96,12.04,0.277,171.277,0.500,171.500,0.723,171.723,172.000,0.022,0.051,209.3878,-50.5397,30.0000,110.5397,-149.3878,-13.352,-8.741,-227.278,-148.797,,
173,Fire Day / Disorder Week / Dark Season,0.53,11.11,1.26,13.89,1.79,12.90,12.10,0.278,172.278,0.500,172.500,0.722,172.722,173.000,0.021,0.051,210.6122,-49.0476,31.2245,111.4966,-148.1633,-13.480,-8.978,-229.453,-152.818,,
174,Wild Day / Disorder Week / Dark Season,0.49,11.07,1.26,13.93,1.75,12.82,12.18,0.279,173.279,0.500,173.500,0.721,173.721,174.000,0.020,0.050,211.8367,-47.5556,32.4490,112.4535,-146.9388,-13.607,-9.214,-231.628,-156.840,,
175,Gods Day / Disorder Week / Dark Season,0.50,11.04,1.25,13.96,1.75,12.79,12.21,0.279,174.279,0.500,174.500,0.721,174.721,175.000,0.020,0.050,213.0612,-46.0635,33.6735,113.4104,-145.7143,-13.735,-9.450,-233.803,-160.861,,
176,Freeze Day / Harmony Week / Dark Season,0.52,11.00,1.25,14.00,1.76,12.76,12.24,0.280,175.280,0.500,175.500,0.720,175.720,176.000,0.021,0.050,214.2857,-44.5714,34.8980,114.3673,-144.4898,-13.863,-9.686,-235.978,-164.883,,
177,Water Day / Harmony Week / Dark Season,0.53,10.96,1.24,14.04,1.77,12.73,12.27,0.281,176.281,0.500,176.500,0.719,176.719,177.000,0.021,0.050,215.5102,-43.0794,36.1224,115.3243,-143.2653,-13.991,-9.923,-238.153,-168.904,,
178,Clay Day / Harmony Week / Dark Season,0.54,10.93,1.23,14.07,1.77,12.70,12.30,0.281,177.281,0.500,177.500,0.719,177.719,178.000,0.022,0.049,216.7347,-41.5873,37.3469,116.2812,-142.0408,-14.118,-10.159,-240.328,-172.926,,
179,Winds Day / Harmony Week / Dark Season,0.55,10.89,1.23,14.11,1.78,12.67,12.33,0.282,178.282,0.500,178.500,0.718,178.718,179.000,0.022,0.049,217.9592,-40.0952,38.5714,117.2381,-140.8163,-14.246,-10.395,-242.502,-176.947,,
180,Fire Day / Harmony Week / Dark Season,0.57,10.85,1.22,14.15,1.79,12.64,12.36,0.283,179.283,0.500,179.500,0.717,179.717,180.000,0.023,0.049,219.1837,-38.6032,39.7959,118.1950,-139.5918,-14.374,-10.631,-244.677,-180.969,,
181,Wild Day / Harmony Week / Dark Season,0.58,10.81,1.21,14.19,1.79,12.61,12.39,0.284,180.284,0.500,180.500,0.716,180.716,181.000,0.023,0.049,220.4082,-37.1111,41.0204,119.1519,-138.3673,-14.502,-10.868,-246.852,-184.990,,
182,Gods Day / Harmony Week / Dark Season,0.59,10.78,1.21,14.22,1.80,12.58,12.42,0.284,181.284,0.500,181.500,0.716,181.716,182.000,0.024,0.048,221.6327,-35.6190,42.2449,120.1088,-137.1429,-14.630,-11.104,-249.027,-189.012,,
183,Freeze Day / Death Week / Dark Season,0.60,10.74,1.20,14.26,1.81,12.55,12.45,0.285,182.285,0.500,182.500,0.715,182.715,183.000,0.024,0.048,222.8571,-34.1270,43.4694,121.0658,-135.9184,-14.757,-11.340,-251.202,-193.033,,
184,Water Day / Death Week / Dark Season,0.62,10.70,1.19,14.30,1.81,12.52,12.48,0.286,183.286,0.500,183.500,0.714,183.714,184.000,0.025,0.048,224.0816,-32.6349,44.6939,122.0227,-134.6939,-14.885,-11.576,-253.377,-197.055,,
185,Clay Day / Death Week / Dark Season,0.63,10.67,1.19,14.33,1.82,12.48,12.52,0.287,184.287,0.500,184.500,0.713,184.713,185.000,0.025,0.048,225.3061,-31.1429,45.9184,122.9796,-133.4694,-15.013,-11.813,-255.552,-201.076,,
186,Winds Day / Death Week / Dark Season,0.64,10.63,1.18,14.37,1.82,12.45,12.55,0.287,185.287,0.500,185.500,0.713,185.713,186.000,0.026,0.047,226.5306,-29.6508,47.1429,123.9365,-132.2449,-15.141,-12.049,-257.727,-205.098,,
187,Fire Day / Death Week / Dark Season,0.65,10.59,1.18,14.41,1.83,12.42,12.58,0.288,186.288,0.500,186.500,0.712,186.712,187.000,0.026,0.047,227.7551,-28.1587,48.3673,124.8934,-131.0204,-15.268,-12.285,-259.902,-209.120,,
188,Wild Day / Death Week / Dark Season,0.67,10.56,1.17,14.44,1.84,12.39,12.61,0.289,187.289,0.500,187.500,0.711,187.711,188.000,0.027,0.047,228.9796,-26.6667,49.5918,125.8503,-129.7959,-15.396,-12.521,-262.077,-213.141,,
189,Gods Day / Death Week / Dark Season,0.68,10.52,1.16,14.48,1.84,12.36,12.64,0.290,188.290,0.500,188.500,0.710,188.710,189.000,0.027,0.047,230.2041,-25.1746,50.8163,126.8073,-128.5714,-15.524,-12.758,-264.252,-217.163,,
190,Freeze Day / Fertility Week / Dark Season,0.69,10.48,1.16,14.52,1.85,12.33,12.67,0.290,189.290,0.500,189.500,0.710,189.710,190.000,0.028,0.046,231.4286,-23.6825,52.0408,127.7642,-127.3469,-15.652,-12.994,-266.426,-221.184,,
191,Water Day / Fertility Week / Dark Season,0.70,10.44,1.15,14.56,1.86,12.30,12.70,0.291,190.291,0.500,190.500,0.709,190.709,191.000,0.028,0.046,232.6531,-22.1905,53.2653,128.7211,-126.1224,-15.779,-13.230,-268.601,-225.206,,
192,Clay Day / Fertility Week / Dark Season,0.72,10.41,1.14,14.59,1.86,12.27,12.73,0.292,191.292,0.500,191.500,0.708,191.708,192.000,0.029,0.046,233.8776,-20.6984,54.4898,129.6780,-124.8980,-15.907,-13.466,-270.776,-229.227,,
193,Winds Day / Fertility Week / Dark Season,0.73,10.37,1.14,14.63,1.87,12.24,12.76,0.293,192.293,0.500,192.500,0.707,192.707,193.000,0.029,0.046,235.1020,-19.2063,55.7143,130.6349,-123.6735,-16.035,-13.703,-272.951,-233.249,,
194,Fire Day / Fertility Week / Dark Season,0.74,10.33,1.13,14.67,1.87,12.21,12.79,0.293,193.293,0.500,193.500,0.707,193.707,194.000,0.030,0.045,236.3265,-17.7143,56.9388,131.5918,-122.4490,-16.163,-13.939,-275.126,-237.270,,
195,Wild Day / Fertility Week / Dark Season,0.75,10.30,1.13,14.70,1.88,12.18,12.82,0.294,194.294,0.500,194.500,0.706,194.706,195.000,0.030,0.045,237.5510,-16.2222,58.1633,132.5488,-121.2245,-16.291,-14.175,-277.301,-241.292,,
196,Gods Day / Fertility Week / Dark Season,0.77,10.26,1.12,14.74,1.89,12.15,12.85,0.295,195.295,0.500,195.500,0.705,195.705,196.000,0.031,0.045,238.7755,-14.7302,59.3878,133.5057,-120.0000,-16.418,-14.411,-279.476,-245.313,,
197,Freeze Day / Stasis Week / Dark Season,0.78,10.22,1.11,14.78,1.89,12.12,12.88,0.296,196.296,0.500,196.500,0.704,196.704,197.000,0.031,0.045,240.0000,-13.2381,60.6122,134.4626,-118.7755,-16.546,-14.648,-281.651,-249.335,,
198,Water Day / Stasis Week / Dark Season,0.79,10.19,1.11,14.81,1.90,12.08,12.92,0.296,197.296,0.500,197.500,0.704,197.704,198.000,0.032,0.044,241.2245,-11.7460,61.8367,135.4195,-117.5510,-16.674,-14.884,-283.826,-253.356,,
199,Clay Day / Stasis Week / Dark Season,0.81,10.15,1.10,14.85,1.91,12.05,12.95,0.297,198.297,0.500,198.500,0.703,198.703,199.000,0.032,0.044,242.4490,-10.2540,63.0612,136.3764,-116.3265,-16.802,-15.120,-286.001,-257.378,,
200,Winds Day / Stasis Week / Dark Season,0.82,10.11,1.09,14.89,1.91,12.02,12.98,0.298,199.298,0.500,199.500,0.702,199.702,200.000,0.033,0.044,243.6735,-8.7619,64.2857,137.3333,-115.1020,-16.929,-15.356,-288.176,-261.399,,
201,Fire Day / Stasis Week / Dark Season,0.83,10.07,1.09,14.93,1.92,11.99,13.01,0.299,200.299,0.500,200.500,0.701,200.701,201.000,0.033,0.044,244.8980,-7.2698,65.5102,138.2902,-113.8776,-17.057,-15.593,-290.350,-265.421,,
202,Wild Day / Stasis Week / Dark Season,0.84,10.04,1.08,14.96,1.92,11.96,13.04,0.299,201.299,0.500,201.500,0.701,201.701,202.000,0.034,0.043,246.1224,-5.7778,66.7347,139.2472,-112.6531,-17.185,-15.829,-292.525,-269.442,,
203,Gods Day / Stasis Week / Dark Season,0.86,10.00,1.08,15.00,1.93,11.93,13.07,0.300,202.300,0.500,202.500,0.700,202.700,203.000,0.034,0.043,247.3469,-4.2857,67.9592,140.2041,-111.4286,-17.313,-16.065,-294.700,-273.464,,
204,Freeze Day / Movement Week / Dark Season,0.87,9.96,1.07,15.04,1.94,11.90,13.10,0.301,203.301,0.500,203.500,0.699,203.699,204.000,0.035,0.043,248.5714,-2.7937,69.1837,141.1610,-110.2041,-17.440,-16.301,-296.875,-277.485,,
205,Water Day / Movement Week / Dark Season,0.88,9.93,1.06,15.07,1.94,11.87,13.13,0.301,204.301,0.500,204.500,0.699,204.699,205.000,0.035,0.043,249.7959,-1.3016,70.4082,142.1179,-108.9796,-17.568,-16.538,-299.050,-281.507,,
206,Clay Day / Movement Week / Dark Season,0.89,9.89,1.06,15.11,1.95,11.84,13.16,0.302,205.302,0.500,205.500,0.698,205.698,206.000,0.036,0.042,251.0204,0.1905,71.6327,143.0748,-107.7551,-17.696,-16.774,-301.225,-285.529,,
207,Winds Day / Movement Week / Dark Season,0.91,9.85,1.05,15.15,1.96,11.81,13.19,0.303,206.303,0.500,206.500,0.697,206.697,207.000,0.036,0.042,252.2449,1.6825,72.8571,144.0317,-106.5306,-17.824,-17.010,-303.400,-289.550,,
208,Fire Day / Movement Week / Dark Season,0.92,9.81,1.04,15.19,1.96,11.78,13.22,0.304,207.304,0.500,207.500,0.696,207.696,208.000,0.037,0.042,253.4694,3.1746,74.0816,144.9887,-105.3061,-17.952,-17.246,-305.575,-293.572,,
209,Wild Day / Movement Week / Dark Season,0.93,9.78,1.04,15.22,1.97,11.75,13.25,0.304,208.304,0.500,208.500,0.696,208.696,209.000,0.037,0.042,254.6939,4.6667,75.3061,145.9456,-104.0816,-18.079,-17.483,-307.750,-297.593,,
210,Gods Day / Movement Week / Dark Season,0.94,9.74,1.03,15.26,1.97,11.72,13.28,0.305,209.305,0.500,209.500,0.695,209.695,210.000,0.038,0.041,255.9184,6.1587,76.5306,146.9025,-102.8571,-18.207,-17.719,-309.925,-301.615,,
211,Freeze Day / Illusion Week / Dark Season,0.96,9.70,1.03,15.30,1.98,11.68,13.32,0.306,210.306,0.500,210.500,0.694,210.694,211.000,0.038,0.041,257.1429,7.6508,77.7551,147.8594,-101.6327,-18.335,-17.955,-312.100,-305.636,,
212,Water Day / Illusion Week / Dark Season,0.97,9.67,1.02,15.33,1.99,11.65,13.35,0.307,211.307,0.500,211.500,0.693,211.693,212.000,0.039,0.041,258.3673,9.1429,78.9796,148.8163,-100.4082,-18.463,-18.191,-314.274,-309.658,,
213,Clay Day / Illusion Week / Dark Season,0.98,9.63,1.01,15.37,1.99,11.62,13.38,0.307,212.307,0.500,212.500,0.693,212.693,213.000,0.039,0.041,259.5918,10.6349,80.2041,149.7732,-99.1837,-18.590,-18.428,-316.449,-313.679,"Question - are the pixels wrong, or the values in columns X and Y?",
214,Winds Day / Illusion Week / Dark Season,0.99,9.57,1.01,15.43,2.00,11.57,13.43,0.309,213.309,0.500,213.500,0.691,213.691,214.000,0.040,0.040,260.8163,12.2902,81.4286,150.5669,-97.9592,-18.718,-18.664,-318.624,-317.701,,
214.5,,,,,,,,,,,,,,,,,,,,,,,-18.782,-18.782,-319.712,-272.500,Moment of Solstice (214.5),
215,Fire Day / Illusion Week / Dark Season,1.00,9.56,1.00,15.43,2.00,11.56,13.44,0.309,214.309,0.500,214.500,0.691,214.691,215.000,0.040,0.040,262.0408,13.6190,82.6531,151.7914,-96.7347,-18.718,-18.664,-318.624,-317.701,Winter Solstice (Theyalans and Dara Happans),"Moment of solstice is 214.5 (noon). Shortest day (night before and after are of equal length, and are the longest of the year). Maximum southern Arnstadum Dome tilt and Polaris Dome tilt."
216,Wild Day / Illusion Week / Dark Season,1.01,9.59,0.98,15.41,1.99,11.58,13.42,0.308,215.308,0.500,215.500,0.692,215.692,216.000,0.040,0.039,263.2653,14.5760,83.8776,153.1791,-95.5102,-18.590,-18.428,-316.449,-313.679,,
217,Gods Day / Illusion Week / Dark Season,1.01,9.63,0.97,15.37,1.98,11.61,13.39,0.307,216.307,0.500,216.500,0.693,216.693,217.000,0.041,0.039,264.4898,15.5329,85.1020,154.6712,-94.2857,-18.463,-18.191,-314.274,-309.658,,
218,Freeze Day / Truth Week / Dark Season,1.02,9.67,0.96,15.33,1.97,11.64,13.36,0.307,217.307,0.500,217.500,0.693,217.693,218.000,0.041,0.038,265.7143,16.4898,86.3265,156.1633,-93.0612,-18.335,-17.955,-312.100,-305.636,,
219,Water Day / Truth Week / Dark Season,1.03,9.70,0.94,15.30,1.97,11.67,13.33,0.306,218.306,0.500,218.500,0.694,218.694,219.000,0.041,0.038,266.9388,17.4467,87.5510,157.6553,-91.8367,-18.207,-17.719,-309.925,-301.615,,
220,Clay Day / Truth Week / Dark Season,1.03,9.74,0.93,15.26,1.96,11.70,13.30,0.305,219.305,0.500,219.500,0.695,219.695,220.000,0.041,0.037,268.1633,18.4036,88.7755,159.1474,-90.6122,-18.079,-17.483,-307.750,-297.593,,
221,Winds Day / Truth Week / Dark Season,1.04,9.78,0.92,15.22,1.96,11.73,13.27,0.304,220.304,0.500,220.500,0.696,220.696,221.000,0.042,0.037,269.3878,19.3605,90.0000,160.6395,-89.3878,-17.952,-17.246,-305.575,-293.572,,
222,Fire Day / Truth Week / Dark Season,1.04,9.81,0.91,15.19,1.95,11.76,13.24,0.304,221.304,0.500,221.500,0.696,221.696,222.000,0.042,0.036,270.6122,20.3175,91.2245,162.1315,-88.1633,-17.824,-17.010,-303.400,-289.550,,
223,Wild Day / Truth Week / Dark Season,1.05,9.85,0.89,15.15,1.94,11.80,13.20,0.303,222.303,0.500,222.500,0.697,222.697,223.000,0.042,0.036,271.8367,21.2744,92.4490,163.6236,-86.9388,-17.696,-16.774,-301.225,-285.529,,
224,Gods Day / Truth Week / Dark Season,1.06,9.89,0.88,15.11,1.94,11.83,13.17,0.302,223.302,0.500,223.500,0.698,223.698,224.000,0.042,0.035,273.0612,22.2313,93.6735,165.1156,-85.7143,-17.568,-16.538,-299.050,-281.507,,
225,Freeze Day / Disorder Week / Storm Season,1.06,9.93,0.87,15.07,1.93,11.86,13.14,0.301,224.301,0.500,224.500,0.699,224.699,225.000,0.043,0.035,274.2857,23.1882,94.8980,166.6077,-84.4898,-17.440,-16.301,-296.875,-277.485,,
226,Water Day / Disorder Week / Storm Season,1.07,9.96,0.86,15.04,1.92,11.89,13.11,0.301,225.301,0.500,225.500,0.699,225.699,226.000,0.043,0.034,275.5102,24.1451,96.1224,168.0998,-83.2653,-17.313,-16.065,-294.700,-273.464,,
227,Clay Day / Disorder Week / Storm Season,1.08,10.00,0.84,15.00,1.92,11.92,13.08,0.300,226.300,0.500,226.500,0.700,226.700,227.000,0.043,0.034,276.7347,25.1020,97.3469,169.5918,-82.0408,-17.185,-15.829,-292.525,-269.442,,
228,Winds Day / Disorder Week / Storm Season,1.08,10.04,0.83,14.96,1.91,11.95,13.05,0.299,227.299,0.500,227.500,0.701,227.701,228.000,0.043,0.033,277.9592,26.0590,98.5714,171.0839,-80.8163,-17.057,-15.593,-290.350,-265.421,,
229,Fire Day / Disorder Week / Storm Season,1.09,10.07,0.82,14.93,1.91,11.98,13.02,0.299,228.299,0.500,228.500,0.701,228.701,229.000,0.044,0.033,279.1837,27.0159,99.7959,172.5760,-79.5918,-16.929,-15.356,-288.176,-261.399,,
230,Wild Day / Disorder Week / Storm Season,1.09,10.11,0.81,14.89,1.90,12.01,12.99,0.298,229.298,0.500,229.500,0.702,229.702,230.000,0.044,0.032,280.4082,27.9728,101.0204,174.0680,-78.3673,-16.802,-15.120,-286.001,-257.378,,
231,Gods Day / Disorder Week / Storm Season,1.10,10.15,0.79,14.85,1.89,12.04,12.96,0.297,230.297,0.500,230.500,0.703,230.703,231.000,0.044,0.032,281.6327,28.9297,102.2449,175.5601,-77.1429,-16.674,-14.884,-283.826,-253.356,,
232,Freeze Day / Harmony Week / Storm Season,1.11,10.19,0.78,14.81,1.89,12.07,12.93,0.296,231.296,0.500,231.500,0.704,231.704,232.000,0.044,0.031,282.8571,29.8866,103.4694,177.0522,-75.9184,-16.546,-14.648,-281.651,-249.335,,
233,Water Day / Harmony Week / Storm Season,1.11,10.22,0.77,14.78,1.88,12.10,12.90,0.296,232.296,0.500,232.500,0.704,232.704,233.000,0.045,0.031,284.0816,30.8435,104.6939,178.5442,-74.6939,-16.418,-14.411,-279.476,-245.313,,
234,Clay Day / Harmony Week / Storm Season,1.12,10.26,0.75,14.74,1.87,12.13,12.87,0.295,233.295,0.500,233.500,0.705,233.705,234.000,0.045,0.030,285.3061,31.8005,105.9184,-179.9637,-73.4694,-16.291,-14.175,-277.301,-241.292,,
235,Winds Day / Harmony Week / Storm Season,1.13,10.30,0.74,14.70,1.87,12.16,12.84,0.294,234.294,0.500,234.500,0.706,234.706,235.000,0.045,0.030,286.5306,32.7574,107.1429,-178.4717,-72.2449,-16.163,-13.939,-275.126,-237.270,,
236,Fire Day / Harmony Week / Storm Season,1.13,10.33,0.73,14.67,1.86,12.19,12.81,0.293,235.293,0.500,235.500,0.707,235.707,236.000,0.045,0.029,287.7551,33.7143,108.3673,-176.9796,-71.0204,-16.035,-13.703,-272.951,-233.249,,
237,Wild Day / Harmony Week / Storm Season,1.14,10.37,0.72,14.63,1.86,12.23,12.77,0.293,236.293,0.500,236.500,0.707,236.707,237.000,0.046,0.029,288.9796,34.6712,109.5918,-175.4875,-69.7959,-15.907,-13.466,-270.776,-229.227,,
238,Gods Day / Harmony Week / Storm Season,1.14,10.41,0.70,14.59,1.85,12.26,12.74,0.292,237.292,0.500,237.500,0.708,237.708,238.000,0.046,0.028,290.2041,35.6281,110.8163,-173.9955,-68.5714,-15.779,-13.230,-268.601,-225.206,,
239,Freeze Day / Death Week / Storm Season,1.15,10.44,0.69,14.56,1.84,12.29,12.71,0.291,238.291,0.500,238.500,0.709,238.709,239.000,0.046,0.028,291.4286,36.5850,112.0408,-172.5034,-67.3469,-15.652,-12.994,-266.426,-221.184,,
240,Water Day / Death Week / Storm Season,1.16,10.48,0.68,14.52,1.84,12.32,12.68,0.290,239.290,0.500,239.500,0.710,239.710,240.000,0.046,0.027,292.6531,37.5420,113.2653,-171.0113,-66.1224,-15.524,-12.758,-264.252,-217.163,,
241,Clay Day / Death Week / Storm Season,1.16,10.52,0.67,14.48,1.83,12.35,12.65,0.290,240.290,0.500,240.500,0.710,240.710,241.000,0.047,0.027,293.8776,38.4989,114.4898,-169.5193,-64.8980,-15.396,-12.521,-262.077,-213.141,,
242,Winds Day / Death Week / Storm Season,1.17,10.56,0.65,14.44,1.82,12.38,12.62,0.289,241.289,0.500,241.500,0.711,241.711,242.000,0.047,0.026,295.1020,39.4558,115.7143,-168.0272,-63.6735,-15.268,-12.285,-259.902,-209.120,,
243,Fire Day / Death Week / Storm Season,1.18,10.59,0.64,14.41,1.82,12.41,12.59,0.288,242.288,0.500,242.500,0.712,242.712,243.000,0.047,0.026,296.3265,40.4127,116.9388,-166.5351,-62.4490,-15.141,-12.049,-257.727,-205.098,,
244,Wild Day / Death Week / Storm Season,1.18,10.63,0.63,14.37,1.81,12.44,12.56,0.287,243.287,0.500,243.500,0.713,243.713,244.000,0.047,0.025,297.5510,41.3696,118.1633,-165.0431,-61.2245,-15.013,-11.813,-255.552,-201.076,,
245,Gods Day / Death Week / Storm Season,1.19,10.67,0.62,14.33,1.81,12.47,12.53,0.287,244.287,0.500,244.500,0.713,244.713,245.000,0.048,0.025,298.7755,42.3265,119.3878,-163.5510,-60.0000,-14.885,-11.576,-253.377,-197.055,,
246,Freeze Day / Fertility Week / Storm Season,1.19,10.70,0.60,14.30,1.80,12.50,12.50,0.286,245.286,0.500,245.500,0.714,245.714,246.000,0.048,0.024,300.0000,43.2834,120.6122,-162.0590,-58.7755,-14.757,-11.340,-251.202,-193.033,,
247,Water Day / Fertility Week / Storm Season,1.20,10.74,0.59,14.26,1.79,12.53,12.47,0.285,246.285,0.500,246.500,0.715,246.715,247.000,0.048,0.024,301.2245,44.2404,121.8367,-160.5669,-57.5510,-14.630,-11.104,-249.027,-189.012,,
248,Clay Day / Fertility Week / Storm Season,1.21,10.78,0.58,14.22,1.79,12.56,12.44,0.284,247.284,0.500,247.500,0.716,247.716,248.000,0.048,0.023,302.4490,45.1973,123.0612,-159.0748,-56.3265,-14.502,-10.868,-246.852,-184.990,,
249,Winds Day / Fertility Week / Storm Season,1.21,10.81,0.57,14.19,1.78,12.59,12.41,0.284,248.284,0.500,248.500,0.716,248.716,249.000,0.049,0.023,303.6735,46.1542,124.2857,-157.5828,-55.1020,-14.374,-10.631,-244.677,-180.969,,
250,Fire Day / Fertility Week / Storm Season,1.22,10.85,0.55,14.15,1.77,12.63,12.37,0.283,249.283,0.500,249.500,0.717,249.717,250.000,0.049,0.022,304.8980,47.1111,125.5102,-156.0907,-53.8776,-14.246,-10.395,-242.502,-176.947,,
251,Wild Day / Fertility Week / Storm Season,1.23,10.89,0.54,14.11,1.77,12.66,12.34,0.282,250.282,0.500,250.500,0.718,250.718,251.000,0.049,0.022,306.1224,48.0680,126.7347,-154.5986,-52.6531,-14.118,-10.159,-240.328,-172.926,,
252,Gods Day / Fertility Week / Storm Season,1.23,10.93,0.53,14.07,1.76,12.69,12.31,0.281,251.281,0.500,251.500,0.719,251.719,252.000,0.049,0.021,307.3469,49.0249,127.9592,-153.1066,-51.4286,-13.991,-9.923,-238.153,-168.904,,
253,Freeze Day / Stasis Week / Storm Season,1.24,10.96,0.50,14.04,1.74,12.70,12.30,0.281,252.281,0.500,252.500,0.719,252.719,253.000,0.050,0.020,308.5714,49.9819,129.1837,-151.6145,-50.2041,-13.863,-9.686,-235.978,-164.883,,
254,Water Day / Stasis Week / Storm Season,1.25,11.00,0.50,14.00,1.74,12.74,12.26,0.280,253.280,0.500,253.500,0.720,253.720,254.000,0.050,0.020,309.7959,50.9388,130.4082,-150.1224,-48.9796,-13.735,-9.450,-233.803,-160.861,,
255,Clay Day / Stasis Week / Storm Season,1.25,11.04,0.51,13.96,1.76,12.80,12.20,0.279,254.279,0.500,254.500,0.721,254.721,255.000,0.050,0.020,311.0204,51.8957,131.6327,-148.6304,-47.7551,-13.607,-9.214,-231.628,-156.840,,
256,Winds Day / Stasis Week / Storm Season,1.26,11.07,0.52,13.93,1.78,12.85,12.15,0.279,255.279,0.500,255.500,0.721,255.721,256.000,0.050,0.021,312.2449,52.8526,132.8571,-147.1383,-46.5306,-13.480,-8.978,-229.453,-152.818,,
257,Fire Day / Stasis Week / Storm Season,1.26,11.11,0.53,13.89,1.80,12.91,12.09,0.278,256.278,0.500,256.500,0.722,256.722,257.000,0.051,0.021,313.4694,53.8095,134.0816,-145.6463,-45.3061,-13.352,-8.741,-227.278,-148.797,,
258,Wild Day / Stasis Week / Storm Season,1.27,11.15,0.55,13.85,1.82,12.97,12.03,0.277,257.277,0.500,257.500,0.723,257.723,258.000,0.051,0.022,314.6939,54.7664,135.3061,-144.1542,-44.0816,-13.224,-8.505,-225.103,-144.775,,
259,Gods Day / Stasis Week / Storm Season,1.28,11.19,0.56,13.81,1.84,13.02,11.98,0.276,258.276,0.500,258.500,0.724,258.724,259.000,0.051,0.022,315.9184,55.7234,136.5306,-142.6621,-42.8571,-13.096,-8.269,-222.928,-140.754,,
260,Freeze Day / Movement Week / Storm Season,1.28,11.22,0.57,13.78,1.86,13.08,11.92,0.276,259.276,0.500,259.500,0.724,259.724,260.000,0.051,0.023,317.1429,56.6803,137.7551,-141.1701,-41.6327,-12.969,-8.033,-220.753,-136.732,,
261,Water Day / Movement Week / Storm Season,1.29,11.26,0.58,13.74,1.87,13.13,11.87,0.275,260.275,0.500,260.500,0.725,260.725,261.000,0.052,0.023,318.3673,57.6372,138.9796,-139.6780,-40.4082,-12.841,-7.796,-218.578,-132.710,,
262,Clay Day / Movement Week / Storm Season,1.30,11.30,0.60,13.70,1.89,13.19,11.81,0.274,261.274,0.500,261.500,0.726,261.726,262.000,0.052,0.024,319.5918,58.5941,140.2041,-138.1859,-39.1837,-12.713,-7.560,-216.404,-128.689,,
263,Winds Day / Movement Week / Storm Season,1.30,11.33,0.61,13.67,1.91,13.25,11.75,0.273,262.273,0.500,262.500,0.727,262.727,263.000,0.052,0.024,320.8163,59.5510,141.4286,-136.6939,-37.9592,-12.585,-7.324,-214.229,-124.667,,
264,Fire Day / Movement Week / Storm Season,1.31,11.37,0.62,13.63,1.93,13.30,11.70,0.273,263.273,0.500,263.500,0.727,263.727,264.000,0.052,0.025,322.0408,60.5079,142.6531,-135.2018,-36.7347,-12.457,-7.088,-212.054,-120.646,,
265,Wild Day / Movement Week / Storm Season,1.31,11.41,0.64,13.59,1.95,13.36,11.64,0.272,264.272,0.500,264.500,0.728,264.728,265.000,0.053,0.025,323.2653,61.4649,143.8776,-133.7098,-35.5102,-12.330,-6.851,-209.879,-116.624,,
266,Gods Day / Movement Week / Storm Season,1.32,11.44,0.65,13.56,1.97,13.41,11.59,0.271,265.271,0.500,265.500,0.729,265.729,266.000,0.053,0.026,324.4898,62.4218,145.1020,-132.2177,-34.2857,-12.202,-6.615,-207.704,-112.603,,
267,Freeze Day / Illusion Week / Storm Season,1.33,11.48,0.66,13.52,1.99,13.47,11.53,0.270,266.270,0.500,266.500,0.730,266.730,267.000,0.053,0.026,325.7143,63.3787,146.3265,-130.7256,-33.0612,-12.074,-6.379,-205.529,-108.581,,
268,Water Day / Illusion Week / Storm Season,1.33,11.52,0.67,13.48,2.01,13.52,11.48,0.270,267.270,0.500,267.500,0.730,267.730,268.000,0.053,0.027,326.9388,64.3356,147.5510,-129.2336,-31.8367,-11.946,-6.143,-203.354,-104.560,,
269,Clay Day / Illusion Week / Storm Season,1.34,11.56,0.69,13.44,2.03,13.58,11.42,0.269,268.269,0.500,268.500,0.731,268.731,269.000,0.054,0.027,328.1633,65.2925,148.7755,-127.7415,-30.6122,-11.819,-5.906,-201.179,-100.538,,
270,Winds Day / Illusion Week / Storm Season,1.35,11.59,0.70,13.41,2.04,13.64,11.36,0.268,269.268,0.500,269.500,0.732,269.732,270.000,0.054,0.028,329.3878,66.2494,150.0000,-126.2494,-29.3878,-11.691,-5.670,-199.004,-96.517,,
271,Fire Day / Illusion Week / Storm Season,1.35,11.63,0.71,13.37,2.06,13.69,11.31,0.267,270.267,0.500,270.500,0.733,270.733,271.000,0.054,0.028,330.6122,67.2063,151.2245,-124.7574,-28.1633,-11.563,-5.434,-196.829,-92.495,,
272,Wild Day / Illusion Week / Storm Season,1.36,11.67,0.72,13.33,2.08,13.75,11.25,0.267,271.267,0.500,271.500,0.733,271.733,272.000,0.054,0.029,331.8367,68.1633,152.4490,-123.2653,-26.9388,-11.435,-5.198,-194.654,-88.474,,
273,Gods Day / Illusion Week / Storm Season,1.36,11.70,0.74,13.30,2.10,13.80,11.20,0.266,272.266,0.500,272.500,0.734,272.734,273.000,0.055,0.029,333.0612,69.1202,153.6735,-121.7732,-25.7143,-11.308,-4.961,-192.480,-84.452,,
274,Freeze Day / Truth Week / Storm Season,1.37,11.74,0.75,13.26,2.12,13.86,11.14,0.265,273.265,0.500,273.500,0.735,273.735,274.000,0.055,0.030,334.2857,70.0771,154.8980,-120.2812,-24.4898,-11.180,-4.725,-190.305,-80.431,,
275,Water Day / Truth Week / Storm Season,1.38,11.78,0.76,13.22,2.14,13.92,11.08,0.264,274.264,0.500,274.500,0.736,274.736,275.000,0.055,0.030,335.5102,71.0340,156.1224,-118.7891,-23.2653,-11.052,-4.489,-188.130,-76.409,,
276,Clay Day / Truth Week / Storm Season,1.38,11.81,0.77,13.19,2.16,13.97,11.03,0.264,275.264,0.500,275.500,0.736,275.736,276.000,0.055,0.031,336.7347,71.9909,157.3469,-117.2971,-22.0408,-10.924,-4.253,-185.955,-72.388,,
277,Winds Day / Truth Week / Storm Season,1.39,11.85,0.79,13.15,2.18,14.03,10.97,0.263,276.263,0.500,276.500,0.737,276.737,277.000,0.056,0.031,337.9592,72.9478,158.5714,-115.8050,-20.8163,-10.796,-4.016,-183.780,-68.366,,
278,Fire Day / Truth Week / Storm Season,1.40,11.89,0.80,13.11,2.19,14.08,10.92,0.262,277.262,0.500,277.500,0.738,277.738,278.000,0.056,0.032,339.1837,73.9048,159.7959,-114.3129,-19.5918,-10.669,-3.780,-181.605,-64.344,,
279,Wild Day / Truth Week / Storm Season,1.40,11.93,0.81,13.07,2.21,14.14,10.86,0.261,278.261,0.500,278.500,0.739,278.739,279.000,0.056,0.032,340.4082,74.8617,161.0204,-112.8209,-18.3673,-10.541,-3.544,-179.430,-60.323,,
280,Gods Day / Truth Week / Storm Season,1.41,11.96,0.82,13.04,2.23,14.20,10.80,0.261,279.261,0.500,279.500,0.739,279.739,280.000,0.056,0.033,341.6327,75.8186,162.2449,-111.3288,-17.1429,-10.413,-3.308,-177.255,-56.301,,
281,Freeze Day / Luck Week / Sacred Season,1.42,12.00,0.84,13.00,2.25,14.25,10.75,0.260,280.260,0.500,280.500,0.740,280.740,281.000,0.057,0.033,342.8571,76.7755,163.4694,-109.8367,-15.9184,-10.285,-3.071,-175.080,-52.280,,
282,Water Day / Luck Week / Sacred Season,1.42,12.04,0.85,12.96,2.27,14.31,10.69,0.259,281.259,0.500,281.500,0.741,281.741,282.000,0.057,0.034,344.0816,77.7324,164.6939,-108.3447,-14.6939,-10.158,-2.835,-172.905,-48.258,,
283,Clay Day / Luck Week / Sacred Season,1.43,12.07,0.86,12.93,2.29,14.36,10.64,0.259,282.259,0.500,282.500,0.741,282.741,283.000,0.057,0.034,345.3061,78.6893,165.9184,-106.8526,-13.4694,-10.030,-2.599,-170.730,-44.237,,
284,Winds Day / Luck Week / Sacred Season,1.43,12.11,0.87,12.89,2.31,14.42,10.58,0.258,283.258,0.500,283.500,0.742,283.742,284.000,0.057,0.035,346.5306,79.6463,167.1429,-105.3605,-12.2449,-9.902,-2.363,-168.556,-40.215,,
285,Fire Day / Luck Week / Sacred Season,1.44,12.15,0.89,12.85,2.33,14.48,10.52,0.257,284.257,0.500,284.500,0.743,284.743,285.000,0.058,0.035,347.7551,80.6032,168.3673,-103.8685,-11.0204,-9.774,-2.126,-166.381,-36.194,,
286,Wild Day / Luck Week / Sacred Season,1.45,12.19,0.90,12.81,2.35,14.53,10.47,0.256,285.256,0.500,285.500,0.744,285.744,286.000,0.058,0.036,348.9796,81.5601,169.5918,-102.3764,-9.7959,-9.647,-1.890,-164.206,-32.172,,
287,Gods Day / Luck Week / Sacred Season,1.45,12.22,0.91,12.78,2.36,14.59,10.41,0.256,286.256,0.500,286.500,0.744,286.744,287.000,0.058,0.036,350.2041,82.5170,170.8163,-100.8844,-8.5714,-9.519,-1.654,-162.031,-28.151,,
288,Freeze Day / Fate Week / Sacred Season,1.46,12.26,0.92,12.74,2.38,14.64,10.36,0.255,287.255,0.500,287.500,0.745,287.745,288.000,0.058,0.037,351.4286,83.4739,172.0408,-99.3923,-7.3469,-9.391,-1.418,-159.856,-24.129,,
289,Water Day / Fate Week / Sacred Season,1.47,12.30,0.94,12.70,2.40,14.70,10.30,0.254,288.254,0.500,288.500,0.746,288.746,289.000,0.059,0.037,352.6531,84.4308,173.2653,-97.9002,-6.1224,-9.263,-1.181,-157.681,-20.108,,
290,Clay Day / Fate Week / Sacred Season,1.47,12.33,0.95,12.67,2.42,14.75,10.25,0.253,289.253,0.500,289.500,0.747,289.747,290.000,0.059,0.038,353.8776,85.3878,174.4898,-96.4082,-4.8980,-9.135,-0.945,-155.506,-16.086,,
291,Winds Day / Fate Week / Sacred Season,1.48,12.37,0.96,12.63,2.44,14.81,10.19,0.253,290.253,0.500,290.500,0.747,290.747,291.000,0.059,0.038,355.1020,86.3447,175.7143,-94.9161,-3.6735,-9.008,-0.709,-153.331,-12.065,,
292,Fire Day / Fate Week / Sacred Season,1.48,12.41,0.97,12.59,2.46,14.87,10.13,0.252,291.252,0.500,291.500,0.748,291.748,292.000,0.059,0.039,356.3265,87.3016,176.9388,-93.4240,-2.4490,-8.880,-0.473,-151.156,-8.043,,
293,Wild Day / Fate Week / Sacred Season,1.49,12.44,0.99,12.56,2.48,14.92,10.08,0.251,292.251,0.500,292.500,0.749,292.749,293.000,0.060,0.039,357.5510,88.2585,178.1633,-91.9320,-1.2245,-8.752,-0.236,-148.981,-4.022,,
294,Gods Day / Fate Week / Sacred Season,1.50,12.50,1.00,12.50,2.50,15.00,10.00,0.250,293.250,0.500,293.500,0.750,293.750,294.000,0.060,0.040,358.7755,89.0816,179.3878,-90.3061,0.0000,-8.624,0.000,-146.806,0.000,,Moment of equinox is 294.0.
,,,3609.64,,3740.36,,,,,,,,,,,,,,,,,,,,,,,
,,,,,7350.00,,,,,,,,,,,,,,,,,,,,,,,
,,,,,7350,,,,,,,,,,,,,,,,,,,,,,,
